<BackupInst xmlns="http://www.microsoft.com/GroupPolicy/GPOOperations/Manifest"><GPOGuid><![CDATA[{272D8AF3-A11E-46A5-BC42-E01C874BBC45}]]></GPOGuid><GPODomain><![CDATA[ludus.domain]]></GPODomain><GPODomainGuid><![CDATA[{3e19ed2e-a9f7-4901-9fe9-78eb57859cd1}]]></GPODomainGuid><GPODomainController><![CDATA[DC01.ludus.domain]]></GPODomainController><BackupTime><![CDATA[2024-03-21T11:45:28]]></BackupTime><ID><![CDATA[{E38F225F-B020-4077-80ED-5195C3629651}]]></ID><Comment><![CDATA[SCCM Push Account Local Admin]]></Comment><GPODisplayName><![CDATA[SCCM Push Account Local Admin]]></GPODisplayName></BackupInst>
